{"Intermediate Algebra": {"Pe": 0.9221947323348707, "Sp": 0.9624727272727309, "Ke": 0.9142545454545423}, "Overall_Average": {"Pe": 0.9221947323348707, "Sp": 0.9624727272727309, "Ke": 0.9142545454545423}}