{"Intermediate Algebra": {"Pe": 0.7399112148599393, "Sp": 0.7914727272727271, "Ke": 0.6082181818181827}, "Prealgebra": {"Pe": 0.9640256164168562, "Sp": 0.9921818181818214, "Ke": 0.9695999999999961}, "Geometry": {"Pe": 0.9155283383435131, "Sp": 0.9704181818181843, "Ke": 0.92210909090909}, "Counting & Probability": {"Pe": 0.8739113883562144, "Sp": 0.9832727272727309, "Ke": 0.9399272727272711}, "Algebra": {"Pe": 0.9525443682655041, "Sp": 0.9943454545454571, "Ke": 0.9778181818181786}, "Number Theory": {"Pe": 0.859426498725159, "Sp": 0.969945454545458, "Ke": 0.9034909090909096}, "Precalculus": {"Pe": 0.793754348077904, "Sp": 0.8664363636363641, "Ke": 0.7221090909090914}, "Overall_Average": {"Pe": 0.8713002532921551, "Sp": 0.9382961038961263, "Ke": 0.8633246753246974}}