{"Intermediate Algebra": {"Pe": 0.739911214859939, "Sp": 0.7914727272727271, "Ke": 0.6082181818181827}, "Prealgebra": {"Pe": 0.9640256164168564, "Sp": 0.9921818181818214, "Ke": 0.9695999999999961}, "Geometry": {"Pe": 0.9155283383435131, "Sp": 0.9704181818181843, "Ke": 0.92210909090909}, "Counting & Probability": {"Pe": 0.8739113883562145, "Sp": 0.9832635430820734, "Ke": 0.939889401658497}, "Algebra": {"Pe": 0.9525443682655045, "Sp": 0.994363636363639, "Ke": 0.9778909090909059}, "Number Theory": {"Pe": 0.8594264987251591, "Sp": 0.969945454545458, "Ke": 0.9034909090909096}, "Precalculus": {"Pe": 0.7937543480779043, "Sp": 0.8664363636363641, "Ke": 0.7221090909090914}, "Overall_Average": {"Pe": 0.871300253292155, "Sp": 0.9382973892714868, "Ke": 0.8633296547824049}}