{"Intermediate Algebra": {"Pe": 0.14548758645377802, "Sp": 0.3364363636363633, "Ke": 0.28756363636363613}, "Prealgebra": {"Pe": 0.43919572783828875, "Sp": 0.6465272727272734, "Ke": 0.603709090909092}, "Geometry": {"Pe": 0.2647982605615174, "Sp": 0.49521818181818206, "Ke": 0.42952727272727337}, "Counting & Probability": {"Pe": 0.3019349152639912, "Sp": 0.511036363636364, "Ke": 0.4488727272727275}, "Algebra": {"Pe": 0.41024684361573927, "Sp": 0.620145454545455, "Ke": 0.5626909090909095}, "Number Theory": {"Pe": 0.2590373820643217, "Sp": 0.5151090909090906, "Ke": 0.4340363636363647}, "Precalculus": {"Pe": 0.125490369817555, "Sp": 0.3259818181818183, "Ke": 0.2698909090909092}, "Overall_Average": {"Pe": 0.27802729794502695, "Sp": 0.4929220779220828, "Ke": 0.4337558441558495}}