{"Intermediate Algebra": {"Pe": 0.9254765839346317, "Sp": 0.9640363636363672, "Ke": 0.9185454545454524}, "Prealgebra": {"Pe": 0.9952795014730238, "Sp": 0.9984000000000003, "Ke": 0.9942545454545456}, "Geometry": {"Pe": 0.9782219285517988, "Sp": 0.9923090909090949, "Ke": 0.9695272727272677}, "Counting & Probability": {"Pe": 0.9861523238230804, "Sp": 0.9964000000000012, "Ke": 0.9869090909090898}, "Algebra": {"Pe": 0.9959001093946592, "Sp": 1.0, "Ke": 1.0}, "Number Theory": {"Pe": 0.9793032929363127, "Sp": 0.9921818181818209, "Ke": 0.9705454545454508}, "Precalculus": {"Pe": 0.9488185848262172, "Sp": 0.9842909090909129, "Ke": 0.9529454545454507}, "Overall_Average": {"Pe": 0.9727360464199637, "Sp": 0.9896597402597442, "Ke": 0.9703896103896239}}