{"Intermediate Algebra": {"Pe": 0.8345172058115129, "Sp": 0.8863636363636382, "Ke": 0.768145454545455}, "Prealgebra": {"Pe": 0.9970398989727491, "Sp": 0.9981818181818193, "Ke": 0.9927272727272723}, "Geometry": {"Pe": 0.9862692909007135, "Sp": 0.9904363636363672, "Ke": 0.9660363636363603}, "Counting & Probability": {"Pe": 0.9805411848699888, "Sp": 0.9946000000000029, "Ke": 0.9787636363636325}, "Algebra": {"Pe": 0.996209471182069, "Sp": 0.9997090909090912, "Ke": 0.9988363636363632}, "Number Theory": {"Pe": 0.9694614716793221, "Sp": 0.9834727272727302, "Ke": 0.9457454545454523}, "Precalculus": {"Pe": 0.8894158145694429, "Sp": 0.9311772260864906, "Ke": 0.8448537917383399}, "Overall_Average": {"Pe": 0.9504934768551159, "Sp": 0.9691344089214572, "Ke": 0.9278726195989974}}