{"Intermediate Algebra": {"Pe": 0.7863558325050948, "Sp": 0.9259636363636385, "Ke": 0.8217454545454544}, "Overall_Average": {"Pe": 0.7863558325050948, "Sp": 0.9259636363636385, "Ke": 0.8217454545454544}}