{"Intermediate Algebra": {"Pe": 0.7800811408015846, "Sp": 0.9227090909090926, "Ke": 0.8138909090909096}, "Prealgebra": {"Pe": 0.9409682470413524, "Sp": 0.9931090909090947, "Ke": 0.9726545454545396}, "Geometry": {"Pe": 0.8836586175651807, "Sp": 0.9850181818181869, "Ke": 0.9471272727272708}, "Counting & Probability": {"Pe": 0.8500776488760835, "Sp": 0.9934909090909123, "Ke": 0.9741818181818137}, "Algebra": {"Pe": 0.9212965899593601, "Sp": 0.9939090909090945, "Ke": 0.9760727272727217}, "Number Theory": {"Pe": 0.8430503291378465, "Sp": 0.9845818181818228, "Ke": 0.9413818181818162}, "Precalculus": {"Pe": 0.8280836393996052, "Sp": 0.9660909090909116, "Ke": 0.9070545454545454}, "Overall_Average": {"Pe": 0.863888030397285, "Sp": 0.9769870129870226, "Ke": 0.9331948051948333}}