{"Intermediate Algebra": {"Pe": 0.8483938408174544, "Sp": 0.9025454545454561, "Ke": 0.7973090909090909}, "Prealgebra": {"Pe": 0.9970026409812589, "Sp": 0.9984545454545464, "Ke": 0.9938181818181809}, "Geometry": {"Pe": 0.9841542002728837, "Sp": 0.9902863584593049, "Ke": 0.9681271893226782}, "Counting & Probability": {"Pe": 0.9827537649080754, "Sp": 0.9939636363636392, "Ke": 0.976072727272723}, "Algebra": {"Pe": 0.9963611388258391, "Sp": 0.9997454545454547, "Ke": 0.9989818181818181}, "Number Theory": {"Pe": 0.967244581790064, "Sp": 0.9831636363636396, "Ke": 0.9430545454545431}, "Precalculus": {"Pe": 0.8800031679078921, "Sp": 0.9277659272460466, "Ke": 0.8385466283595023}, "Overall_Average": {"Pe": 0.9508447622147833, "Sp": 0.9708464304254497, "Ke": 0.9308443116169508}}