{"Overall_Average": {"Pe": 0.9855585923920617, "Sp": 0.9941636363636392, "Ke": 0.9781090909090869}}