{"Overall_Average": {"Pe": 0.9966538779163174, "Sp": 0.9931818181818216, "Ke": 0.9727272727272687}}