{"Overall_Average": {"Pe": 0.9887507539803739, "Sp": 0.987854545454549, "Ke": 0.955563636363634}}