{"Overall_Average": {"Pe": 0.994531249169543, "Sp": 0.9864363636363692, "Ke": 0.9457454545454536}}