{"Overall_Average": {"Pe": 0.9953083793827501, "Sp": 0.9759636363636379, "Ke": 0.9155636363636367}}