{"Overall_Average": {"Pe": 0.9068918338067077, "Sp": 0.8629090909090913, "Ke": 0.7108363636363646}}