{"Overall_Average": {"Pe": 0.9129984813820624, "Sp": 0.8811818181818193, "Ke": 0.7357818181818196}}