{"Overall_Average": {"Pe": 0.9662245287829619, "Sp": 0.9382334328289519, "Ke": 0.8341389113235177}}