{"Overall_Average": {"Pe": 0.9362660755284893, "Sp": 0.9125375972411045, "Ke": 0.7775871003450341}}